feature,importance
"Star([0, 0, 0])",0.29808888883146034
Node(0),0.22819998828025467
Edge(0-0),0.21686519408045657
"Star([1, 0, 2])",0.04156486531597756
Node(2),0.03893688451698595
"Star([0, 0, 1])",0.034309005529400353
Edge(1-2),0.029241550583403983
"Star([1, 2, 2])",0.027888241684967487
Edge(0-1),0.024213854346820253
Node(1),0.02198267923613649
"Star([1, 0, 0])",0.018017757051443296
"Star([0, 0, 2])",0.012202047597478682
Edge(0-2),0.008489042945214461
