Metric,Mean,Std,Min,Max
Fidelity+,0.24105451558876667,0.4306826769289942,8.414443436777219e-05,0.999903678894043
Fidelity-,0.6454577515319397,0.5144389374926737,-0.4450295567512512,0.9989169059845153
Sparsity,0.7767346587539641,0.1146683545244727,0.5,0.9074074074074074
Runtime (s),6.475633049011231,4.836826882275511,2.8189382553100586,22.338759899139404
