accuracy,balanced_accuracy,precision,precision_macro,recall,recall_macro,f1,f1_macro,mcc,auc,strategy
0.8421052631578947,0.8246153846153846,0.8421052631578947,0.8246153846153846,0.8421052631578947,0.8246153846153846,0.8421052631578947,0.8246153846153846,0.6492307692307693,0.9276923076923077,Baseline
0.868421052631579,0.8630769230769231,0.8718671679197995,0.8511904761904762,0.868421052631579,0.8630769230769231,0.8695150574849823,0.8563869992441421,0.7141684885491869,0.9369230769230769,Class Weights
