feature,importance
"Star([0, 0, 0])",0.2947006664001523
Node(0),0.22522487426056423
Edge(0-0),0.22067002154408544
"Star([0, 0, 1])",0.04825348265462193
Edge(0-1),0.03920956459844072
Node(2),0.028869731243461313
Node(1),0.025318677981956986
"Star([1, 0, 2])",0.024714098483171926
"Star([1, 2, 2])",0.02394035928982818
"Star([1, 0, 0])",0.021033732698067957
"Star([0, 0, 2])",0.018235477306732806
Edge(1-2),0.015841091658713228
Edge(0-2),0.01398822188020293
