threshold,n_patterns,mining_time,feature_time,rf_accuracy,rf_f1,rf_auc,rf_train_time
0.05,22,0.005845069885253906,0.9465651512145996,0.8421052631578947,0.8421052631578947,0.9338461538461538,0.05295825004577637
0.1,13,0.006135225296020508,0.5022499561309814,0.8421052631578947,0.8421052631578947,0.9276923076923077,0.03507590293884277
0.15,13,0.005614757537841797,0.44640517234802246,0.8421052631578947,0.8421052631578947,0.9276923076923077,0.03428983688354492
0.2,10,0.0055522918701171875,0.3204989433288574,0.8421052631578947,0.8421052631578947,0.9276923076923077,0.034413814544677734
0.3,10,0.005581855773925781,0.3980138301849365,0.8421052631578947,0.8421052631578947,0.9276923076923077,0.03458690643310547
0.4,10,0.00564885139465332,0.3288288116455078,0.8421052631578947,0.8421052631578947,0.9276923076923077,0.06475687026977539
0.5,10,0.008772850036621094,0.4920990467071533,0.8421052631578947,0.8421052631578947,0.9276923076923077,0.043565988540649414
