accuracy,balanced_accuracy,precision,recall,f1,f1_macro,mcc,auc
0.6578947368421053,0.5,0.43282548476454297,0.6578947368421053,0.5221386800334169,0.3968253968253968,0.0,0.796923076923077
0.6578947368421053,0.5,0.43282548476454297,0.6578947368421053,0.5221386800334169,0.3968253968253968,0.0,0.7630769230769231
0.5789473684210527,0.4953846153846154,0.5450695704779189,0.5789473684210527,0.5562643983696615,0.4882154882154882,-0.010300524052492094,0.6553846153846153
0.6756756756756757,0.5,0.4565376186997808,0.6756756756756757,0.5448997384481256,0.4032258064516129,0.0,0.8
0.6756756756756757,0.5,0.4565376186997808,0.6756756756756757,0.5448997384481256,0.4032258064516129,0.0,0.72
