accuracy,balanced_accuracy,precision,recall,f1,f1_macro,mcc,auc
0.8157894736842105,0.7307692307692308,0.8560855263157895,0.8157894736842105,0.7931671283471836,0.7543859649122806,0.6004805767690767,0.9046153846153846
0.7894736842105263,0.7476923076923077,0.7848662059188376,0.7894736842105263,0.7847503373819162,0.7564102564102564,0.5182102165548539,0.8430769230769231
0.7105263157894737,0.6507692307692308,0.6986842105263158,0.7105263157894737,0.699840248693925,0.6570959803117309,0.32486683662457994,0.7076923076923077
0.7837837837837838,0.7316666666666667,0.7775775775775775,0.7837837837837838,0.7781137781137781,0.7412587412587412,0.48839621640378306,0.8333333333333334
0.7297297297297297,0.6916666666666667,0.7297297297297297,0.7297297297297297,0.7297297297297297,0.6916666666666667,0.38333333333333336,0.8033333333333333
