accuracy,balanced_accuracy,precision,recall,f1,f1_macro,mcc,auc
0.8947368421052632,0.8830769230769231,0.8947368421052632,0.8947368421052632,0.8947368421052632,0.8830769230769231,0.7661538461538462,0.9692307692307692
0.8421052631578947,0.8615384615384616,0.8680524841515552,0.8421052631578947,0.845766590389016,0.8347826086956522,0.6899094182476204,0.88
0.8947368421052632,0.8830769230769231,0.8947368421052632,0.8947368421052632,0.8947368421052632,0.8830769230769231,0.7661538461538462,0.9630769230769232
0.8108108108108109,0.7516666666666667,0.8072715572715573,0.8108108108108109,0.8026517083120857,0.7672955974842768,0.5491816904272475,0.9099999999999999
0.8108108108108109,0.7949999999999999,0.8157484407484408,0.8108108108108109,0.8126640926640927,0.7885714285714285,0.5785425986576429,0.9199999999999999
