accuracy,balanced_accuracy,precision,recall,f1,f1_macro,mcc,auc
0.7894736842105263,0.6923076923076923,0.8405103668261562,0.7894736842105263,0.757209114740875,0.7088122605363985,0.5397918963594132,0.8861538461538462
0.7631578947368421,0.7461538461538462,0.768170426065163,0.7631578947368421,0.7651271034729681,0.7414965986394557,0.48418202613504197,0.7938461538461538
0.7105263157894737,0.5953846153846154,0.7209752321981424,0.7105263157894737,0.6559794301306607,0.5832502492522433,0.29490392637578633,0.7046153846153846
0.8108108108108109,0.7733333333333333,0.8075978075978075,0.8108108108108109,0.8085527983226194,0.7791986359761296,0.5598867684391136,0.8166666666666667
0.7837837837837838,0.7533333333333333,0.7837837837837838,0.7837837837837838,0.7837837837837838,0.7533333333333333,0.5066666666666667,0.7966666666666666
