accuracy,balanced_accuracy,precision,recall,f1,f1_macro,mcc,auc,train_time,inference_time,model
0.631578947368421,0.5353846153846153,0.5922871695367451,0.631578947368421,0.5960526315789473,0.525,0.08660765676638313,0.7046153846153846,15.621575117111206,0.020151138305664062,GCN
0.8421052631578947,0.8246153846153846,0.8421052631578947,0.8421052631578947,0.8421052631578947,0.8246153846153846,0.6492307692307693,0.8984615384615385,23.162358045578003,0.016784191131591797,GIN
0.631578947368421,0.4984615384615385,0.5463659147869674,0.631578947368421,0.5471491228070176,0.44583333333333336,-0.005413319619607667,0.6892307692307693,8.661947250366211,0.017958879470825195,GraphSAGE
0.6578947368421053,0.5,0.43282548476454297,0.6578947368421053,0.5221386800334169,0.3968253968253968,0.0,0.6584615384615384,49.89602303504944,0.04434823989868164,GAT
