accuracy,balanced_accuracy,precision,recall,f1,f1_macro,mcc,auc,strategy,train_time
0.7631578947368421,0.7092307692307692,0.756390977443609,0.7631578947368421,0.7544147489313934,0.7194421657095981,0.4508356100096212,0.8646153846153846,baseline,14.756536960601807
0.8421052631578947,0.8430769230769231,0.8515636918382914,0.8421052631578947,0.8444548872180452,0.8303571428571428,0.6659684191761815,0.8892307692307692,weighted_ce,18.598118782043457
0.47368421052631576,0.6,0.7926634768740032,0.47368421052631576,0.4126620900076277,0.4492753623188406,0.2806917861068948,0.8092307692307692,focal_loss,27.086107969284058
0.7105263157894737,0.78,0.8432017543859649,0.7105263157894737,0.7127329758908707,0.7103257103257103,0.5507570547286103,0.8676923076923077,class_balanced,11.838508129119873
0.7105263157894737,0.7430769230769231,0.772953216374269,0.7105263157894737,0.7176662586699307,0.7054263565891472,0.461917223501702,0.8769230769230769,oversampling,50.707111835479736
